{"min": [-0.68141, -0.677618, -0.4382], "max": [0.658561, 0.662352, 0.558607]}