{"min": [-0.846912, -0.583828, -0.46872], "max": [0.854099, 0.585617, 0.312857]}