{"min": [-0.914625, -0.592192, -0.054994], "max": [0.913449, 0.602042, 0.104301]}