{"min": [-0.921103, -0.723711, -0.19141], "max": [0.893767, 0.612234, 0.237101]}