{"min": [-0.85018, -0.551633, -0.059017], "max": [0.862717, 0.557271, 0.110232]}