{"min": [-0.870217, -0.457782, -0.613364], "max": [0.860349, 0.498636, 0.693594]}