{"min": [-0.864296, -0.554158, -0.076817], "max": [0.823859, 0.533128, 0.123388]}