{"min": [-0.711497, -0.724697, -0.030932], "max": [0.746765, 0.733565, 0.188898]}