{"min": [-0.842564, -0.53002, -0.057963], "max": [0.871676, 0.579753, 0.111418]}