{"min": [-0.867992, -0.524637, -0.05875], "max": [0.826015, 0.572038, 0.108632]}