{"min": [-0.856384, -0.571293, -0.04352], "max": [0.762131, 0.575156, 0.091357]}