{"min": [-0.857017, -0.501721, -0.040715], "max": [0.864009, 0.507157, 0.087902]}