{"min": [-0.847566, -0.543649, -0.081169], "max": [0.833265, 0.533807, 0.127054]}