{"min": [-0.931314, -0.887083, -0.3259], "max": [0.698109, 0.894146, 0.402785]}